<?xml version="1.0" encoding="UTF-8"?><FileNetExportCatalog version="1">
	<DeploymentTreeLocation/>
	<SourceEnvironment/>
	<ExportOperationFile>DeploymentOperation_Export.xml</ExportOperationFile>
	<ExportManifestFile>manifest.xml</ExportManifestFile>
	<ExportLogFile/>
	<ConvertOperationFile/>
	<SourcePrimaryObjectStoreName>CMDOS</SourcePrimaryObjectStoreName>
	<ExportStartTime>2016-09-13 10:41:25 BST</ExportStartTime>
	<DatasetFiles>
		<DatasetFile>deployDataSet1.xml</DatasetFile>
	</DatasetFiles>
	<ObjectListFile>ObjectList.xml</ObjectListFile>
	<NumberOfObjectsExported>98</NumberOfObjectsExported>
	<ExportEndTime>2016-09-13 10:41:33 BST</ExportEndTime>
		<DestinationEnvironment/>
	<DestinationPrimaryObjectStoreName>CMDOS</DestinationPrimaryObjectStoreName>
</FileNetExportCatalog>