<?xml version="1.0" encoding="UTF-8"?><HalfMap type="Principal" version="1">
	<List>
		<Item label="">
			<SID>S-1-5-21-503169845-2538641534-1686025421-1108</SID>
			<ShortName>p8admin</ShortName>
			<DisplayName>P8 Admin</DisplayName>
			<PrincipalType>0</PrincipalType>
			<Name>P8Admin@FILENETPROD.local</Name>
		</Item>
		<Item label="">
			<SID>S-1-5-21-503169845-2538641534-1686025421-1105</SID>
			<ShortName>p8administrators</ShortName>
			<DisplayName>P8Administrators</DisplayName>
			<PrincipalType>1</PrincipalType>
			<Name>P8Administrators@FILENETPROD.local</Name>
		</Item>
		<Item label="">
			<SID>S-1-5-21-503169845-2538641534-1686025421-1106</SID>
			<ShortName>p8users</ShortName>
			<DisplayName>P8Users</DisplayName>
			<PrincipalType>1</PrincipalType>
			<Name>P8Users@FILENETPROD.local</Name>
		</Item>
	</List>
</HalfMap>