<?xml version="1.0" encoding="UTF-8"?>
<ExportObjectList version="1">
	<Object>
		<Name>Know Your Customer</Name>
		<ClassName>CmAcmSolutionFolder</ClassName>
		<Id>{A13E8429-ABE0-4DF9-9356-8754AD5D7EC7}</Id>
		<ObjectStoreId>{6FF026C0-0AE8-401E-A775-6082A05570AC}</ObjectStoreId>
	</Object>
	<Object>
		<Name>Pages</Name>
		<ClassName>Folder</ClassName>
		<Id>{ED377778-AABA-4454-8127-2733B6086A63}</Id>
		<ObjectStoreId>{6FF026C0-0AE8-401E-A775-6082A05570AC}</ObjectStoreId>
	</Object>
	<Object>
		<Name>Views</Name>
		<ClassName>Folder</ClassName>
		<Id>{1E53549D-7DAB-47EF-ACD9-184B53E7AD49}</Id>
		<ObjectStoreId>{6FF026C0-0AE8-401E-A775-6082A05570AC}</ObjectStoreId>
	</Object>
	<Object>
		<Name>nls</Name>
		<ClassName>Folder</ClassName>
		<Id>{43E9E842-1921-4704-B796-BDDD0CA1AEB4}</Id>
		<ObjectStoreId>{6FF026C0-0AE8-401E-A775-6082A05570AC}</ObjectStoreId>
	</Object>
	<Object>
		<Name>Assessment Workflow Definition</Name>
		<ClassName>WorkflowDefinition</ClassName>
		<Id>{6D4CDB2E-A405-4DA6-8450-3285408356E7}</Id>
		<ObjectStoreId>{6FF026C0-0AE8-401E-A775-6082A05570AC}</ObjectStoreId>
	</Object>
	<Object>
		<Name>Add Generic Assessment Case</Name>
		<ClassName>CmAcmPage</ClassName>
		<Id>{55C71399-211C-43D3-8F54-EA22360C7F68}</Id>
		<ObjectStoreId>{6FF026C0-0AE8-401E-A775-6082A05570AC}</ObjectStoreId>
	</Object>
	<Object>
		<Name>KYC_Assessment</Name>
		<ClassName>DynamicReferentialContainmentRelationship</ClassName>
		<Id>{817FD913-FC04-49E9-98D3-44C0580EACCE}</Id>
		<ObjectStoreId>{6FF026C0-0AE8-401E-A775-6082A05570AC}</ObjectStoreId>
	</Object>
	<Object>
		<Name>Add Assessment Case</Name>
		<ClassName>DynamicReferentialContainmentRelationship</ClassName>
		<Id>{04A09032-0BCE-4746-874C-00527F3832D6}</Id>
		<ObjectStoreId>{6FF026C0-0AE8-401E-A775-6082A05570AC}</ObjectStoreId>
	</Object>
	<Object>
		<Name>Admin Work</Name>
		<ClassName>CmAcmPage</ClassName>
		<Id>{5E841641-ABFC-40BF-8FF0-8E5946E41E18}</Id>
		<ObjectStoreId>{6FF026C0-0AE8-401E-A775-6082A05570AC}</ObjectStoreId>
	</Object>
	<Object>
		<Name>Admin Work</Name>
		<ClassName>DynamicReferentialContainmentRelationship</ClassName>
		<Id>{69F56E92-0FE1-4AD1-BDE9-FC2815922BE4}</Id>
		<ObjectStoreId>{6FF026C0-0AE8-401E-A775-6082A05570AC}</ObjectStoreId>
	</Object>
	<Object>
		<Name>Generic Assessment Case Details</Name>
		<ClassName>CmAcmPage</ClassName>
		<Id>{3A98EDAF-B54F-415B-81A2-C525F8FD774E}</Id>
		<ObjectStoreId>{6FF026C0-0AE8-401E-A775-6082A05570AC}</ObjectStoreId>
	</Object>
	<Object>
		<Name>Assessment Case Details</Name>
		<ClassName>DynamicReferentialContainmentRelationship</ClassName>
		<Id>{0ABB5D10-26A6-4888-88E3-FA2C1621A3B3}</Id>
		<ObjectStoreId>{6FF026C0-0AE8-401E-A775-6082A05570AC}</ObjectStoreId>
	</Object>
	<Object>
		<Name>Generic Assessment Work Details</Name>
		<ClassName>CmAcmPage</ClassName>
		<Id>{77B40C8E-E60E-4108-BD51-C7EDF1201F74}</Id>
		<ObjectStoreId>{6FF026C0-0AE8-401E-A775-6082A05570AC}</ObjectStoreId>
	</Object>
	<Object>
		<Name>Assessment Work Details</Name>
		<ClassName>DynamicReferentialContainmentRelationship</ClassName>
		<Id>{349AE483-7A2F-417A-94F2-CD768DC1DDD9}</Id>
		<ObjectStoreId>{6FF026C0-0AE8-401E-A775-6082A05570AC}</ObjectStoreId>
	</Object>
	<Object>
		<Name>Case Search</Name>
		<ClassName>CmAcmPage</ClassName>
		<Id>{661A283C-982F-49FC-8300-E8E7CF460BF1}</Id>
		<ObjectStoreId>{6FF026C0-0AE8-401E-A775-6082A05570AC}</ObjectStoreId>
	</Object>
	<Object>
		<Name>Case Search</Name>
		<ClassName>DynamicReferentialContainmentRelationship</ClassName>
		<Id>{92AED612-A438-426F-82F5-0120FE707FAC}</Id>
		<ObjectStoreId>{6FF026C0-0AE8-401E-A775-6082A05570AC}</ObjectStoreId>
	</Object>
	<Object>
		<Name>CmAcmCASES_DEFAULT_PAGE</Name>
		<ClassName>CmAcmPage</ClassName>
		<Id>{8A0FF390-C3C9-4462-9FF9-2B8E936E6476}</Id>
		<ObjectStoreId>{6FF026C0-0AE8-401E-A775-6082A05570AC}</ObjectStoreId>
	</Object>
	<Object>
		<Name>CmAcmCASES_DEFAULT_PAGE</Name>
		<ClassName>DynamicReferentialContainmentRelationship</ClassName>
		<Id>{1297B316-77CA-4872-94BD-1BD23C26F2F1}</Id>
		<ObjectStoreId>{6FF026C0-0AE8-401E-A775-6082A05570AC}</ObjectStoreId>
	</Object>
	<Object>
		<Name></Name>
		<ClassName>CmAcmDraftArea</ClassName>
		<Id>{600EBDB6-BD0B-45C2-98C2-7C8F4CE763CE}</Id>
		<ObjectStoreId>{6FF026C0-0AE8-401E-A775-6082A05570AC}</ObjectStoreId>
	</Object>
	<Object>
		<Name>KYC_Assessment_Draft</Name>
		<ClassName>ReferentialContainmentRelationship</ClassName>
		<Id>{44ACB7AD-8B68-478E-8785-22A2A54042F2}</Id>
		<ObjectStoreId>{6FF026C0-0AE8-401E-A775-6082A05570AC}</ObjectStoreId>
	</Object>
	<Object>
		<Name>CmAcmCASE_DEFAULT_PAGE</Name>
		<ClassName>CmAcmPage</ClassName>
		<Id>{AB1BECFC-59D8-498A-836A-311229D8FB29}</Id>
		<ObjectStoreId>{6FF026C0-0AE8-401E-A775-6082A05570AC}</ObjectStoreId>
	</Object>
	<Object>
		<Name>CmAcmCASE_DEFAULT_PAGE</Name>
		<ClassName>DynamicReferentialContainmentRelationship</ClassName>
		<Id>{0283DEC0-A1F5-484F-B4D9-A908D248F304}</Id>
		<ObjectStoreId>{6FF026C0-0AE8-401E-A775-6082A05570AC}</ObjectStoreId>
	</Object>
	<Object>
		<Name>FATCA Workflow Definition</Name>
		<ClassName>WorkflowDefinition</ClassName>
		<Id>{ABC75DA5-E636-41F4-9E31-D51AB974417D}</Id>
		<ObjectStoreId>{6FF026C0-0AE8-401E-A775-6082A05570AC}</ObjectStoreId>
	</Object>
	<Object>
		<Name>KYC_FATCA</Name>
		<ClassName>DynamicReferentialContainmentRelationship</ClassName>
		<Id>{2C1C2C39-A558-41E5-9A05-E0E1D645DFE5}</Id>
		<ObjectStoreId>{6FF026C0-0AE8-401E-A775-6082A05570AC}</ObjectStoreId>
	</Object>
	<Object>
		<Name>CmAcmCASE_NEW_DEFAULT_PAGE</Name>
		<ClassName>CmAcmPage</ClassName>
		<Id>{6CA168C0-2FBC-41DA-9898-19B5BDA78DA3}</Id>
		<ObjectStoreId>{6FF026C0-0AE8-401E-A775-6082A05570AC}</ObjectStoreId>
	</Object>
	<Object>
		<Name>CmAcmCASE_NEW_DEFAULT_PAGE</Name>
		<ClassName>DynamicReferentialContainmentRelationship</ClassName>
		<Id>{2427EE9C-58FD-4174-A7EB-4470ED8640EF}</Id>
		<ObjectStoreId>{6FF026C0-0AE8-401E-A775-6082A05570AC}</ObjectStoreId>
	</Object>
	<Object>
		<Name></Name>
		<ClassName>CmAcmDraftArea</ClassName>
		<Id>{FF475C1E-3CA3-4934-B32E-1158C0841F7F}</Id>
		<ObjectStoreId>{6FF026C0-0AE8-401E-A775-6082A05570AC}</ObjectStoreId>
	</Object>
	<Object>
		<Name>KYC_FATCA_Draft</Name>
		<ClassName>ReferentialContainmentRelationship</ClassName>
		<Id>{8F549C47-F9D6-4685-B161-48410E752EA0}</Id>
		<ObjectStoreId>{6FF026C0-0AE8-401E-A775-6082A05570AC}</ObjectStoreId>
	</Object>
	<Object>
		<Name>Pouch Workflow Definition</Name>
		<ClassName>WorkflowDefinition</ClassName>
		<Id>{7E7AD9AF-A8C6-4BB8-A6FC-AE24DB3D3211}</Id>
		<ObjectStoreId>{6FF026C0-0AE8-401E-A775-6082A05570AC}</ObjectStoreId>
	</Object>
	<Object>
		<Name>KYC_Pouch</Name>
		<ClassName>DynamicReferentialContainmentRelationship</ClassName>
		<Id>{FAC6CD33-F935-4ADB-B985-49B9C7BCF708}</Id>
		<ObjectStoreId>{6FF026C0-0AE8-401E-A775-6082A05570AC}</ObjectStoreId>
	</Object>
	<Object>
		<Name>CmAcmCASE_NEW_PAGE</Name>
		<ClassName>CmAcmPage</ClassName>
		<Id>{73855046-8539-41B9-BBF3-25A2FDC64B56}</Id>
		<ObjectStoreId>{6FF026C0-0AE8-401E-A775-6082A05570AC}</ObjectStoreId>
	</Object>
	<Object>
		<Name>CmAcmCASE_NEW_PAGE</Name>
		<ClassName>DynamicReferentialContainmentRelationship</ClassName>
		<Id>{1EC6E4E7-27E4-4601-9FFD-14D9121A7435}</Id>
		<ObjectStoreId>{6FF026C0-0AE8-401E-A775-6082A05570AC}</ObjectStoreId>
	</Object>
	<Object>
		<Name></Name>
		<ClassName>CmAcmDraftArea</ClassName>
		<Id>{5BD4519B-7965-4DAB-8CE7-A1F6B5902949}</Id>
		<ObjectStoreId>{6FF026C0-0AE8-401E-A775-6082A05570AC}</ObjectStoreId>
	</Object>
	<Object>
		<Name>KYC_Pouch_Draft</Name>
		<ClassName>ReferentialContainmentRelationship</ClassName>
		<Id>{B2577B07-6002-49B5-93C9-9AA2ECA39ADC}</Id>
		<ObjectStoreId>{6FF026C0-0AE8-401E-A775-6082A05570AC}</ObjectStoreId>
	</Object>
	<Object>
		<Name>CmAcmCASE_PAGE</Name>
		<ClassName>CmAcmPage</ClassName>
		<Id>{EFCF32C9-49AE-412A-BE1E-265EEB6186D1}</Id>
		<ObjectStoreId>{6FF026C0-0AE8-401E-A775-6082A05570AC}</ObjectStoreId>
	</Object>
	<Object>
		<Name>CmAcmCASE_PAGE</Name>
		<ClassName>DynamicReferentialContainmentRelationship</ClassName>
		<Id>{57247523-528E-4EA3-A13D-E01BB32E6332}</Id>
		<ObjectStoreId>{6FF026C0-0AE8-401E-A775-6082A05570AC}</ObjectStoreId>
	</Object>
	<Object>
		<Name>RecordsDisposition Workflow Definition</Name>
		<ClassName>WorkflowDefinition</ClassName>
		<Id>{10EFE053-0000-C36C-A89D-8FDD39847C0E}</Id>
		<ObjectStoreId>{6FF026C0-0AE8-401E-A775-6082A05570AC}</ObjectStoreId>
	</Object>
	<Object>
		<Name>KYC_RecordsDisposition</Name>
		<ClassName>DynamicReferentialContainmentRelationship</ClassName>
		<Id>{3094264F-0000-C02B-8B12-1B6D08379DF1}</Id>
		<ObjectStoreId>{6FF026C0-0AE8-401E-A775-6082A05570AC}</ObjectStoreId>
	</Object>
	<Object>
		<Name>CmAcmCASE_SPLIT_DEFAULT_PAGE</Name>
		<ClassName>CmAcmPage</ClassName>
		<Id>{8FE5A321-BB3A-495D-AF3D-4E9B06F760EB}</Id>
		<ObjectStoreId>{6FF026C0-0AE8-401E-A775-6082A05570AC}</ObjectStoreId>
	</Object>
	<Object>
		<Name></Name>
		<ClassName>CmAcmDraftArea</ClassName>
		<Id>{3094264F-0000-C93F-ABBF-37D13F84491C}</Id>
		<ObjectStoreId>{6FF026C0-0AE8-401E-A775-6082A05570AC}</ObjectStoreId>
	</Object>
	<Object>
		<Name>CmAcmCASE_SPLIT_DEFAULT_PAGE</Name>
		<ClassName>DynamicReferentialContainmentRelationship</ClassName>
		<Id>{AA6CDECC-012F-4AA6-B49E-5C3307B3055F}</Id>
		<ObjectStoreId>{6FF026C0-0AE8-401E-A775-6082A05570AC}</ObjectStoreId>
	</Object>
	<Object>
		<Name>KYC_RecordsDisposition_Draft</Name>
		<ClassName>ReferentialContainmentRelationship</ClassName>
		<Id>{3094264F-0000-C34C-B20B-F2FE054E6F3D}</Id>
		<ObjectStoreId>{6FF026C0-0AE8-401E-A775-6082A05570AC}</ObjectStoreId>
	</Object>
	<Object>
		<Name>CmAcmSTEP_ATTACHMENT_PAGE</Name>
		<ClassName>CmAcmPage</ClassName>
		<Id>{222E8284-FF7A-4B0F-8F5E-CB205D71A8D9}</Id>
		<ObjectStoreId>{6FF026C0-0AE8-401E-A775-6082A05570AC}</ObjectStoreId>
	</Object>
	<Object>
		<Name>CmAcmSTEP_ATTACHMENT_PAGE</Name>
		<ClassName>DynamicReferentialContainmentRelationship</ClassName>
		<Id>{12209137-1632-4BD9-A98F-57621726BBBE}</Id>
		<ObjectStoreId>{6FF026C0-0AE8-401E-A775-6082A05570AC}</ObjectStoreId>
	</Object>
	<Object>
		<Name>CmAcmSTEP_DEFAULT_PAGE</Name>
		<ClassName>CmAcmPage</ClassName>
		<Id>{A6EAA3F2-2678-41CD-A55E-D63DE1CE002F}</Id>
		<ObjectStoreId>{6FF026C0-0AE8-401E-A775-6082A05570AC}</ObjectStoreId>
	</Object>
	<Object>
		<Name>CmAcmSTEP_DEFAULT_PAGE</Name>
		<ClassName>DynamicReferentialContainmentRelationship</ClassName>
		<Id>{2E354065-1E35-4FD4-B052-293E6E039FD1}</Id>
		<ObjectStoreId>{6FF026C0-0AE8-401E-A775-6082A05570AC}</ObjectStoreId>
	</Object>
	<Object>
		<Name>CmAcmSTEP_DYNAMIC_DEFAULT_PAGE</Name>
		<ClassName>CmAcmPage</ClassName>
		<Id>{A9576513-D6DE-42C3-B681-3A9BD08DE4FB}</Id>
		<ObjectStoreId>{6FF026C0-0AE8-401E-A775-6082A05570AC}</ObjectStoreId>
	</Object>
	<Object>
		<Name>CmAcmSTEP_DYNAMIC_DEFAULT_PAGE</Name>
		<ClassName>DynamicReferentialContainmentRelationship</ClassName>
		<Id>{D5F83D12-7340-4AFF-A54D-89B61E9B410A}</Id>
		<ObjectStoreId>{6FF026C0-0AE8-401E-A775-6082A05570AC}</ObjectStoreId>
	</Object>
	<Object>
		<Name>CmAcmSTEP_LAUNCH_DEFAULT_PAGE</Name>
		<ClassName>CmAcmPage</ClassName>
		<Id>{615F2A96-27CF-4592-A3B9-981B38EA8471}</Id>
		<ObjectStoreId>{6FF026C0-0AE8-401E-A775-6082A05570AC}</ObjectStoreId>
	</Object>
	<Object>
		<Name>CmAcmSTEP_LAUNCH_DEFAULT_PAGE</Name>
		<ClassName>DynamicReferentialContainmentRelationship</ClassName>
		<Id>{21C9CCBD-6DC3-4602-B9FD-63B4512A7297}</Id>
		<ObjectStoreId>{6FF026C0-0AE8-401E-A775-6082A05570AC}</ObjectStoreId>
	</Object>
	<Object>
		<Name>CmAcmSTEP_LAUNCH_PAGE</Name>
		<ClassName>CmAcmPage</ClassName>
		<Id>{1E0FB294-267F-4A0C-BA07-BD99D188E3CE}</Id>
		<ObjectStoreId>{6FF026C0-0AE8-401E-A775-6082A05570AC}</ObjectStoreId>
	</Object>
	<Object>
		<Name>CmAcmSTEP_LAUNCH_PAGE</Name>
		<ClassName>DynamicReferentialContainmentRelationship</ClassName>
		<Id>{F8A69DAD-BEE6-469E-ABC6-F5FEC00A3838}</Id>
		<ObjectStoreId>{6FF026C0-0AE8-401E-A775-6082A05570AC}</ObjectStoreId>
	</Object>
	<Object>
		<Name>PE Configuration</Name>
		<ClassName>Document</ClassName>
		<Id>{B0445F79-4AC9-4527-8415-D0CF2521CA32}</Id>
		<ObjectStoreId>{6FF026C0-0AE8-401E-A775-6082A05570AC}</ObjectStoreId>
	</Object>
	<Object>
		<Name>PE Configuration</Name>
		<ClassName>DynamicReferentialContainmentRelationship</ClassName>
		<Id>{4B9942FB-F9C9-42E4-B7C3-4B57475D1B17}</Id>
		<ObjectStoreId>{6FF026C0-0AE8-401E-A775-6082A05570AC}</ObjectStoreId>
	</Object>
	<Object>
		<Name>CmAcmSTEP_PAGE</Name>
		<ClassName>CmAcmPage</ClassName>
		<Id>{93F6AD97-8D91-45EB-B3A2-61FFD7333717}</Id>
		<ObjectStoreId>{6FF026C0-0AE8-401E-A775-6082A05570AC}</ObjectStoreId>
	</Object>
	<Object>
		<Name>CmAcmSTEP_PAGE</Name>
		<ClassName>DynamicReferentialContainmentRelationship</ClassName>
		<Id>{F71128AF-1DA0-49E2-8CBE-1A85B4DE463C}</Id>
		<ObjectStoreId>{6FF026C0-0AE8-401E-A775-6082A05570AC}</ObjectStoreId>
	</Object>
	<Object>
		<Name>Solution Definition</Name>
		<ClassName>Document</ClassName>
		<Id>{BC876B49-4F5B-4B83-8129-6CA84172F3A5}</Id>
		<ObjectStoreId>{6FF026C0-0AE8-401E-A775-6082A05570AC}</ObjectStoreId>
	</Object>
	<Object>
		<Name>Solution Definition</Name>
		<ClassName>DynamicReferentialContainmentRelationship</ClassName>
		<Id>{6CF00AE0-E8F8-4BAC-875A-35B349F803EC}</Id>
		<ObjectStoreId>{6FF026C0-0AE8-401E-A775-6082A05570AC}</ObjectStoreId>
	</Object>
	<Object>
		<Name>CmAcmWORK_DEFAULT_PAGE</Name>
		<ClassName>CmAcmPage</ClassName>
		<Id>{CFE58236-12FC-4778-A559-C6366FBDD9D8}</Id>
		<ObjectStoreId>{6FF026C0-0AE8-401E-A775-6082A05570AC}</ObjectStoreId>
	</Object>
	<Object>
		<Name>CmAcmWORK_DEFAULT_PAGE</Name>
		<ClassName>DynamicReferentialContainmentRelationship</ClassName>
		<Id>{DA30817F-E3C8-4541-B0E2-1AD4457B3153}</Id>
		<ObjectStoreId>{6FF026C0-0AE8-401E-A775-6082A05570AC}</ObjectStoreId>
	</Object>
	<Object>
		<Name>Copy of Assessment Work Details</Name>
		<ClassName>CmAcmPage</ClassName>
		<Id>{FD6A7749-CA71-425C-BC2D-0CE92459B570}</Id>
		<ObjectStoreId>{6FF026C0-0AE8-401E-A775-6082A05570AC}</ObjectStoreId>
	</Object>
	<Object>
		<Name>Copy of Assessment Work Details</Name>
		<ClassName>DynamicReferentialContainmentRelationship</ClassName>
		<Id>{77F8F353-4D3A-4308-85D8-234A4B83C7EE}</Id>
		<ObjectStoreId>{6FF026C0-0AE8-401E-A775-6082A05570AC}</ObjectStoreId>
	</Object>
	<Object>
		<Name>Case Search and Reports</Name>
		<ClassName>CmAcmPage</ClassName>
		<Id>{3A7F11F2-635E-4E48-B8AB-12BE4CA4ACB3}</Id>
		<ObjectStoreId>{6FF026C0-0AE8-401E-A775-6082A05570AC}</ObjectStoreId>
	</Object>
	<Object>
		<Name>KYC Cases</Name>
		<ClassName>DynamicReferentialContainmentRelationship</ClassName>
		<Id>{2CD9E090-9305-4CEC-9BF2-23D0ADA114CD}</Id>
		<ObjectStoreId>{6FF026C0-0AE8-401E-A775-6082A05570AC}</ObjectStoreId>
	</Object>
	<Object>
		<Name>Pouch Case Details</Name>
		<ClassName>CmAcmPage</ClassName>
		<Id>{8D26C593-55A2-4933-A760-0F8011176481}</Id>
		<ObjectStoreId>{6FF026C0-0AE8-401E-A775-6082A05570AC}</ObjectStoreId>
	</Object>
	<Object>
		<Name></Name>
		<ClassName>CmAcmSolutionLockControl</ClassName>
		<Id>{764CFF07-0236-4F8F-A5DC-3EEEFE053D75}</Id>
		<ObjectStoreId>{6FF026C0-0AE8-401E-A775-6082A05570AC}</ObjectStoreId>
	</Object>
	<Object>
		<Name>Pouch Case Details</Name>
		<ClassName>DynamicReferentialContainmentRelationship</ClassName>
		<Id>{F15FD054-3B23-454E-98C5-1D3332A20407}</Id>
		<ObjectStoreId>{6FF026C0-0AE8-401E-A775-6082A05570AC}</ObjectStoreId>
	</Object>
	<Object>
		<Name>Solution Locks</Name>
		<ClassName>ReferentialContainmentRelationship</ClassName>
		<Id>{6C215E2B-08D8-480B-8512-47AFB092C06C}</Id>
		<ObjectStoreId>{6FF026C0-0AE8-401E-A775-6082A05570AC}</ObjectStoreId>
	</Object>
	<Object>
		<Name>Pouch Work Details</Name>
		<ClassName>CmAcmPage</ClassName>
		<Id>{AAD4646B-5A04-4407-B3F1-74E2726A8A2B}</Id>
		<ObjectStoreId>{6FF026C0-0AE8-401E-A775-6082A05570AC}</ObjectStoreId>
	</Object>
	<Object>
		<Name>Solution Workflow Collection</Name>
		<ClassName>WorkflowDefinition</ClassName>
		<Id>{E1ED3E2D-DF78-4088-A565-85304C6D7C2B}</Id>
		<ObjectStoreId>{6FF026C0-0AE8-401E-A775-6082A05570AC}</ObjectStoreId>
	</Object>
	<Object>
		<Name>Pouch Work Details</Name>
		<ClassName>DynamicReferentialContainmentRelationship</ClassName>
		<Id>{DCAC333D-DA0A-45F5-B4C7-40E2729BE2BA}</Id>
		<ObjectStoreId>{6FF026C0-0AE8-401E-A775-6082A05570AC}</ObjectStoreId>
	</Object>
	<Object>
		<Name>Solution Workflow Collection</Name>
		<ClassName>DynamicReferentialContainmentRelationship</ClassName>
		<Id>{9B864DB1-3DD1-4643-8310-85AAF319E542}</Id>
		<ObjectStoreId>{6FF026C0-0AE8-401E-A775-6082A05570AC}</ObjectStoreId>
	</Object>
	<Object>
		<Name></Name>
		<ClassName>CmAcmDraftArea</ClassName>
		<Id>{6FFFA931-F9CC-4F75-9EFC-96C4A0BFF84B}</Id>
		<ObjectStoreId>{6FF026C0-0AE8-401E-A775-6082A05570AC}</ObjectStoreId>
	</Object>
	<Object>
		<Name>Record Disposition Case</Name>
		<ClassName>CmAcmPage</ClassName>
		<Id>{C00F8E4F-0000-C21C-8FDE-0F880C3C115C}</Id>
		<ObjectStoreId>{6FF026C0-0AE8-401E-A775-6082A05570AC}</ObjectStoreId>
	</Object>
	<Object>
		<Name>Solution Workflow Collection_Draft</Name>
		<ClassName>ReferentialContainmentRelationship</ClassName>
		<Id>{C499D39A-0B88-44C0-82E4-B29460025812}</Id>
		<ObjectStoreId>{6FF026C0-0AE8-401E-A775-6082A05570AC}</ObjectStoreId>
	</Object>
	<Object>
		<Name>RECORDWork Details</Name>
		<ClassName>DynamicReferentialContainmentRelationship</ClassName>
		<Id>{80AB264F-0000-CF21-AEDE-8C0033DD1239}</Id>
		<ObjectStoreId>{6FF026C0-0AE8-401E-A775-6082A05570AC}</ObjectStoreId>
	</Object>
	<Object>
		<Name>Test</Name>
		<ClassName>CmAcmPage</ClassName>
		<Id>{7C310253-AA0B-4FAC-9DB9-BA2AB42AB3D2}</Id>
		<ObjectStoreId>{6FF026C0-0AE8-401E-A775-6082A05570AC}</ObjectStoreId>
	</Object>
	<Object>
		<Name>Test</Name>
		<ClassName>DynamicReferentialContainmentRelationship</ClassName>
		<Id>{65DAE07A-148D-4B25-9C0D-3FE206D773FB}</Id>
		<ObjectStoreId>{6FF026C0-0AE8-401E-A775-6082A05570AC}</ObjectStoreId>
	</Object>
	<Object>
		<Name>KYC_Assessment</Name>
		<ClassName>Folder</ClassName>
		<Id>{B60BF498-0831-44DE-8BC4-844091B2F162}</Id>
		<ObjectStoreId>{6FF026C0-0AE8-401E-A775-6082A05570AC}</ObjectStoreId>
	</Object>
	<Object>
		<Name>KYC_FATCA</Name>
		<ClassName>Folder</ClassName>
		<Id>{18C032CF-39A2-4411-A404-205ED6AC3CE9}</Id>
		<ObjectStoreId>{6FF026C0-0AE8-401E-A775-6082A05570AC}</ObjectStoreId>
	</Object>
	<Object>
		<Name>KYC_Pouch</Name>
		<ClassName>Folder</ClassName>
		<Id>{EB3085D3-1D93-4F44-A357-F8C9618D6041}</Id>
		<ObjectStoreId>{6FF026C0-0AE8-401E-A775-6082A05570AC}</ObjectStoreId>
	</Object>
	<Object>
		<Name>KYC_RecordsDisposition</Name>
		<ClassName>Folder</ClassName>
		<Id>{E0CC264F-0000-CD17-A220-C9018CD99F09}</Id>
		<ObjectStoreId>{6FF026C0-0AE8-401E-A775-6082A05570AC}</ObjectStoreId>
	</Object>
	<Object>
		<Name>Resources.js</Name>
		<ClassName>Document</ClassName>
		<Id>{ABB5AB94-C852-4484-97CA-B93623F4A363}</Id>
		<ObjectStoreId>{6FF026C0-0AE8-401E-A775-6082A05570AC}</ObjectStoreId>
	</Object>
	<Object>
		<Name>Resources.js</Name>
		<ClassName>DynamicReferentialContainmentRelationship</ClassName>
		<Id>{E20E2EAC-6889-4EB8-8949-D227A70D958E}</Id>
		<ObjectStoreId>{6FF026C0-0AE8-401E-A775-6082A05570AC}</ObjectStoreId>
	</Object>
	<Object>
		<Name>Assessment Form View</Name>
		<ClassName>CmAcmView</ClassName>
		<Id>{17F6C718-CC4E-44D0-8ED3-1ABA0BC87935}</Id>
		<ObjectStoreId>{6FF026C0-0AE8-401E-A775-6082A05570AC}</ObjectStoreId>
	</Object>
	<Object>
		<Name>Individual Form View</Name>
		<ClassName>DynamicReferentialContainmentRelationship</ClassName>
		<Id>{BFC746DA-06B7-4995-9384-4F7DC2994041}</Id>
		<ObjectStoreId>{6FF026C0-0AE8-401E-A775-6082A05570AC}</ObjectStoreId>
	</Object>
	<Object>
		<Name>FATCA Form View</Name>
		<ClassName>CmAcmView</ClassName>
		<Id>{BCB05BCA-EDC1-4D87-9567-6D715C304791}</Id>
		<ObjectStoreId>{6FF026C0-0AE8-401E-A775-6082A05570AC}</ObjectStoreId>
	</Object>
	<Object>
		<Name>Info View</Name>
		<ClassName>CmAcmView</ClassName>
		<Id>{B408AF2C-C46F-4AA4-8D2C-F84F41DEBC85}</Id>
		<ObjectStoreId>{6FF026C0-0AE8-401E-A775-6082A05570AC}</ObjectStoreId>
	</Object>
	<Object>
		<Name>FATCA Form View</Name>
		<ClassName>DynamicReferentialContainmentRelationship</ClassName>
		<Id>{5D6935CA-ABC3-4DF3-ADDB-5C7119D9E976}</Id>
		<ObjectStoreId>{6FF026C0-0AE8-401E-A775-6082A05570AC}</ObjectStoreId>
	</Object>
	<Object>
		<Name>Info View</Name>
		<ClassName>DynamicReferentialContainmentRelationship</ClassName>
		<Id>{1D224589-286E-483A-8865-0CFB89DF1440}</Id>
		<ObjectStoreId>{6FF026C0-0AE8-401E-A775-6082A05570AC}</ObjectStoreId>
	</Object>
	<Object>
		<Name>FATCA Info View</Name>
		<ClassName>CmAcmView</ClassName>
		<Id>{818E0075-C38B-44D9-B9AD-47288E7FF35E}</Id>
		<ObjectStoreId>{6FF026C0-0AE8-401E-A775-6082A05570AC}</ObjectStoreId>
	</Object>
	<Object>
		<Name>FATCA Info View</Name>
		<ClassName>DynamicReferentialContainmentRelationship</ClassName>
		<Id>{D5635C5A-E386-4F78-9FDA-840B6BE37D56}</Id>
		<ObjectStoreId>{6FF026C0-0AE8-401E-A775-6082A05570AC}</ObjectStoreId>
	</Object>
	<Object>
		<Name>Lau Test View</Name>
		<ClassName>CmAcmView</ClassName>
		<Id>{9B121871-E815-40E0-B2F1-FD1B889B6FB8}</Id>
		<ObjectStoreId>{6FF026C0-0AE8-401E-A775-6082A05570AC}</ObjectStoreId>
	</Object>
	<Object>
		<Name>Lau Test View</Name>
		<ClassName>DynamicReferentialContainmentRelationship</ClassName>
		<Id>{0C5FC207-370B-4B45-943E-D6292BB91A44}</Id>
		<ObjectStoreId>{6FF026C0-0AE8-401E-A775-6082A05570AC}</ObjectStoreId>
	</Object>
	<Object>
		<Name>Disposition View</Name>
		<ClassName>CmAcmView</ClassName>
		<Id>{205D924F-0000-CE16-BCDC-2D4E5841F19F}</Id>
		<ObjectStoreId>{6FF026C0-0AE8-401E-A775-6082A05570AC}</ObjectStoreId>
	</Object>
	<Object>
		<Name>Disposition View</Name>
		<ClassName>DynamicReferentialContainmentRelationship</ClassName>
		<Id>{E0CC264F-0000-C233-9D14-B622990461F7}</Id>
		<ObjectStoreId>{6FF026C0-0AE8-401E-A775-6082A05570AC}</ObjectStoreId>
	</Object>
	<Object>
		<Name>PouchView</Name>
		<ClassName>CmAcmView</ClassName>
		<Id>{BC0DD401-69D1-4556-9965-0427EC1236FD}</Id>
		<ObjectStoreId>{6FF026C0-0AE8-401E-A775-6082A05570AC}</ObjectStoreId>
	</Object>
	<Object>
		<Name>PouchView</Name>
		<ClassName>DynamicReferentialContainmentRelationship</ClassName>
		<Id>{9BFAB1F8-545D-4D4C-BC7C-833C0E3F3959}</Id>
		<ObjectStoreId>{6FF026C0-0AE8-401E-A775-6082A05570AC}</ObjectStoreId>
	</Object>
</ExportObjectList>
